Comment,Designator,Footprint,LCSC,Quantity
100,"R12,R15",R_0402_1005Metric,C25076,2
100n,"C14,C17",C_0402_1005Metric,C1525,2
100Ω @ 100MHz,"FB1,FB2",L_0805_2012Metric,C1015,2
10k,"R10,R14,R3,R6",R_0402_1005Metric,C25744,4
10n,C2,C_0402_1005Metric,C15195,1
120p,"C10,C4,C5,C6,C7,C9",C_0402_1005Metric,C106996,6
12k,"R11,R4,R7",R_0402_1005Metric,C25752,3
15k,R13,R_0402_1005Metric,C25756,1
1k,"R2,R8",R_0402_1005Metric,C11702,2
1n,C1,C_0402_1005Metric,C1523,1
1u,"C13,C16",C_0402_1005Metric,C52923,2
220,R9,R_0402_1005Metric,C25091,1
220p,C12,C_0402_1005Metric,C1530,1
33p,,C_0402_1005Metric,C1562,0
470,R1,R_0402_1005Metric,C25117,1
470p,"C15,C3,C8",C_0402_1005Metric,C106259,3
510,R5,R_0402_1005Metric,C25123,1
AO3400A,"Q1,Q2,Q3",SOT-23,C20917,3
BAT54SW,"D1,D2",SOT-323_SC-70,C22466373,2
COS8054TR,U1,TSSOP-14_4.4x5mm_P0.65mm,C7463388,1
