Designator,Val,Package,Mid X,Mid Y,Rotation,Layer
C1,1n,C_0402_1005Metric,24.35,-9.1,-90.0,top
C10,120p,C_0402_1005Metric,9.0,-16.05,0.0,top
C11,33p,C_0402_1005Metric,9.0,-13.95,180.0,top
C12,220p,C_0402_1005Metric,10.55,-13.4,90.0,top
C13,1u,C_0402_1005Metric,12.7,-11.25,90.0,top
C14,100n,C_0402_1005Metric,10.1,-15.0,180.0,top
C15,470p,C_0402_1005Metric,8.2,-10.75,-90.0,top
C16,1u,C_0402_1005Metric,17.3,-11.25,-90.0,top
C17,100n,C_0402_1005Metric,19.9,-15.0,180.0,top
C2,10n,C_0402_1005Metric,23.3,-9.1,-90.0,top
C3,470p,C_0402_1005Metric,21.6,-11.85,180.0,top
C4,120p,C_0402_1005Metric,21.6,-12.9,180.0,top
C5,120p,C_0402_1005Metric,21.0,-13.95,180.0,top
C6,120p,C_0402_1005Metric,21.0,-17.1,180.0,top
C7,120p,C_0402_1005Metric,21.0,-16.05,180.0,top
C8,470p,C_0402_1005Metric,21.0,-18.15,0.0,top
C9,120p,C_0402_1005Metric,8.4,-17.1,0.0,top
D1,BAT54SW,SOT-323_SC-70,6.4,-13.65,-90.0,top
D2,BAT54SW,SOT-323_SC-70,6.4,-10.1,90.0,top
FB1,100Ω @ 100MHz,L_0805_2012Metric,14.1,-10.4,-90.0,top
FB2,100Ω @ 100MHz,L_0805_2012Metric,15.9,-10.4,-90.0,top
Q1,AO3400A,SOT-23,19.75,-10.65,0.0,top
Q2,AO3400A,SOT-23,23.7,-17.45,-90.0,top
Q3,AO3400A,SOT-23,10.45,-10.4,-90.0,top
R1,470,R_0402_1005Metric,22.25,-10.1,-90.0,top
R10,10k,R_0402_1005Metric,6.9,-17.55,-90.0,top
R11,12k,R_0402_1005Metric,10.55,-16.6,90.0,top
R12,100,R_0402_1005Metric,7.5,-15.6,90.0,top
R13,15k,R_0402_1005Metric,9.0,-12.9,0.0,top
R14,10k,R_0402_1005Metric,12.7,-8.7,90.0,top
R15,100,R_0402_1005Metric,8.2,-8.75,-90.0,top
R2,1k,R_0402_1005Metric,17.3,-8.7,-90.0,top
R3,10k,R_0402_1005Metric,23.1,-12.45,90.0,top
R4,12k,R_0402_1005Metric,19.45,-13.4,-90.0,top
R5,510,R_0402_1005Metric,23.0,-13.95,180.0,top
R6,10k,R_0402_1005Metric,23.0,-15.0,0.0,top
R7,12k,R_0402_1005Metric,19.45,-16.6,90.0,top
R8,1k,R_0402_1005Metric,24.15,-12.45,-90.0,top
R9,220,R_0402_1005Metric,8.4,-18.15,180.0,top
U1,COS8054TR,TSSOP-14_4.4x5mm_P0.65mm,15.0,-15.0,0.0,top
